epoch,dense_2_loss,loss
0,9.866131782531738,9.866131782531738
