epoch,dense_8_loss,loss
0,9.27130126953125,9.27130126953125
1,6.607522010803223,6.607522010803223
